{"hidden_channels": 256, "num_layers": 5, "dropout": 0.0, "target_idx": 4, "target_mean": 6.886660099029541, "target_std": 1.2546416521072388, "best_val_mae": 0.11174513320922851, "test_mae": 0.1931654441698955}